user_id,phone_number,title,role
501,(566) 754-9434,velit,t
502,(393) 606-0138,accumsan felis,t
503,(624) 226-3051,sed tincidunt,t
504,(431) 253-2797,donec,t
505,(886) 490-4754,vulputate,t
506,(512) 604-7124,consequat,t
507,(551) 960-3702,porttitor id,t
508,(595) 280-7648,nec,t
509,(694) 477-2818,a,t
510,(936) 688-2225,et commodo,t
511,(291) 719-7874,id,t
512,(486) 775-2270,curae,t
513,(781) 265-8058,aliquet,t
514,(810) 295-1610,quis odio,t
515,(635) 463-1654,volutpat,t
516,(875) 811-0359,sit amet,t
517,(952) 374-8386,vestibulum ante,t
518,(964) 998-0010,mauris vulputate,t
519,(394) 286-7268,placerat,t
520,(733) 377-8900,orci vehicula,t
521,(622) 662-5435,imperdiet sapien,t
522,(701) 277-8582,viverra,t
523,(642) 733-4419,sapien varius,t
524,(650) 976-2136,nulla sed,t
525,(341) 553-4685,hac habitasse,t
526,(818) 699-9793,odio curabitur,t
527,(436) 795-9911,amet,t
528,(727) 848-6196,tempus,t
529,(533) 965-1184,quam pharetra,t
530,(212) 937-2516,eget semper,t
531,(582) 318-9702,ultricies eu,t
532,(316) 859-6827,aliquam,t
533,(257) 789-4886,suscipit ligula,t
534,(631) 868-1627,in,t
535,(232) 230-3720,molestie lorem,t
536,(807) 744-4071,mi,t
537,(741) 720-7232,vivamus vestibulum,t
538,(552) 836-0577,pellentesque quisque,t
539,(773) 219-8127,cras mi,t
540,(430) 933-8529,ipsum primis,t
541,(474) 923-5641,varius nulla,t
542,(236) 640-3530,adipiscing elit,t
543,(364) 243-0776,praesent,t
544,(499) 685-9814,in,t
545,(273) 405-6158,ipsum,t
546,(439) 303-1418,vitae,t
547,(590) 263-5250,vestibulum quam,t
548,(287) 401-0065,eleifend quam,t
549,(370) 375-5145,eu massa,t
550,(719) 843-4490,scelerisque,t
551,(218) 858-2624,a,t
552,(612) 955-1485,ac lobortis,t
553,(582) 284-3787,congue eget,t
554,(846) 704-1140,non mauris,t
555,(757) 321-3652,nisl nunc,t
556,(751) 932-5422,augue luctus,t
557,(639) 342-0314,sollicitudin,t
558,(706) 662-3919,eu,t
559,(519) 283-3437,nullam orci,t
560,(214) 902-9933,platea,t
561,(614) 614-5924,vel,t
562,(201) 761-1485,id turpis,t
563,(904) 523-5913,lorem id,t
564,(667) 506-7133,duis,t
565,(910) 716-3887,congue diam,t
566,(517) 260-7633,dui luctus,t
567,(978) 310-4434,mauris laoreet,t
568,(718) 778-1445,nec,t
569,(380) 292-8339,metus arcu,t
570,(787) 531-8384,parturient,t
571,(756) 977-9462,amet consectetuer,t
572,(974) 970-3048,vitae nisi,t
573,(679) 508-1416,morbi vel,t
574,(294) 975-0022,cursus vestibulum,t
575,(207) 287-1923,ante,t
576,(218) 845-2146,tristique,t
577,(739) 826-2149,aenean lectus,t
578,(726) 307-0189,in,t
579,(258) 572-2842,fusce,t
580,(679) 703-4642,dapibus nulla,t
581,(998) 477-2543,ut,t
582,(810) 558-0820,primis,t
583,(373) 472-9421,ac enim,t
584,(330) 873-1261,placerat,t
585,(388) 685-3015,libero,t
586,(736) 963-3337,viverra,t
587,(763) 246-3967,neque vestibulum,t
588,(804) 775-7671,dui maecenas,t
589,(361) 940-6828,augue a,t
590,(713) 224-6140,turpis,t
591,(749) 856-8806,elementum,t
592,(443) 410-4874,magna,t
593,(553) 781-3455,bibendum,t
594,(239) 241-5641,vestibulum sit,t
595,(230) 388-0868,nunc,t
596,(781) 714-9546,vestibulum,t
597,(396) 661-7651,integer,t
598,(974) 331-8182,accumsan,t
599,(540) 508-5991,risus,t
600,(214) 867-7143,ante vel,t
601,(443) 208-9120,eu,t
1001,(712) 236-9352,egestas metus,a
1002,(226) 854-5473,blandit mi,a
1003,(902) 830-7374,integer,a
1004,(222) 498-7356,vestibulum eget,o
1005,(701) 624-4584,est,o
1006,(385) 285-7316,nec,o
1007,(270) 902-3862,lacus curabitur,o
1008,(620) 621-5045,lectus,o
1009,(643) 315-3248,lobortis est,o
1010,(296) 933-4443,quisque,o
1011,(492) 872-3228,at,o
1012,(265) 406-9921,ipsum dolor,o
1013,(859) 655-0604,faucibus orci,o
1014,(989) 546-0687,vestibulum,o
1015,(865) 360-2477,nulla,o
1016,(273) 425-0853,lacus,o
1017,(817) 749-6749,euismod scelerisque,o
1018,(507) 824-1161,vulputate elementum,o
1019,(272) 863-1063,dolor,o
1020,(378) 260-9210,pede,o
