user_id,credentials
501,justo lacinia eget
502,consequat
503,gravida
504,curabitur in
505,primis
506,mi
507,morbi porttitor lorem
508,tortor
509,massa
510,posuere
511,quis justo
512,platea dictumst
513,sit amet
514,ut rhoncus aliquet
515,suspendisse ornare consequat
516,semper
517,mus
518,metus aenean fermentum
519,in sagittis dui
520,diam cras
521,orci eget
522,in hac habitasse
523,felis ut at
524,non sodales
525,sed accumsan
526,mi
527,bibendum
528,sapien placerat ante
529,natoque penatibus
530,tristique fusce
531,lacus
532,sapien varius
533,et
534,tortor
535,in
536,non ligula pellentesque
537,lacinia eget
538,dis
539,neque vestibulum
540,lacinia eget
541,quis turpis
542,donec quis
543,leo
544,duis
545,mi nulla ac
546,blandit
547,vel nulla eget
548,maecenas ut
549,vel augue
550,nulla
551,ornare imperdiet sapien
552,in imperdiet
553,nunc donec
554,proin interdum mauris
555,habitasse platea dictumst
556,nascetur
557,turpis
558,vestibulum velit
559,vel lectus in
560,dui proin leo
561,ut blandit non
562,leo
563,eleifend
564,odio porttitor
565,cubilia curae duis
566,pede
567,phasellus in felis
568,sem
569,ac lobortis vel
570,pede
571,lectus
572,accumsan tellus
573,nulla sed
574,nisi
575,donec
576,mi nulla
577,convallis morbi odio
578,luctus
579,eu
580,justo
581,eros
582,a odio
583,eleifend
584,nonummy
585,eget
586,at nulla suspendisse
587,laoreet ut
588,morbi vestibulum
589,hac habitasse platea
590,dui luctus rutrum
591,odio donec
592,vestibulum aliquet ultrices
593,sapien
594,vitae
595,volutpat in congue
596,facilisi cras
597,quis odio consequat
598,lectus in quam
599,id nisl venenatis
600,aliquet
601,penatibus et
